"Customer Name",Recency,Frequency,Monetary,R_SCORE,F_SCORE,M_SCORE,TOTAL_RFM_SCORE,RFM_SCORE_COMBINATION,CUSTOMER_SEGMENT
"Robin Tyler",111,4,4958,4,4,4,12,444,LOYAL
"Roger Hopkins",54,4,3807,4,4,4,12,444,LOYAL
"Suzanne Shannon",118,4,4913,4,4,4,12,444,LOYAL
"Glen Horowitz",75,4,4904,4,4,4,12,444,LOYAL
"George Terry",4,5,4903,4,4,4,12,444,LOYAL
"Martin Kirk",66,5,4891,4,4,4,12,444,LOYAL
"Marc S Liu",8,4,3792,4,4,4,12,444,LOYAL
"Tommy Ellis Ritchie",63,4,4812,4,4,4,12,444,LOYAL
"Judy Frazier",114,4,4796,4,4,4,12,444,LOYAL
"Max McKenna",22,4,4758,4,4,4,12,444,LOYAL
"Kathy Freedman",79,6,4719,4,4,4,12,444,LOYAL
"Juanita Bennett",104,5,3780,4,4,4,12,444,LOYAL
"Norman Ward",19,4,4674,4,4,4,12,444,LOYAL
"Charles Ward",29,5,4644,4,4,4,12,444,LOYAL
"Jeanette Boswell",52,4,4622,4,4,4,12,444,LOYAL
"Janet Bryant",42,4,3456,4,4,4,12,444,LOYAL
"Herman Decker",32,4,4615,4,4,4,12,444,LOYAL
"Anna Wood",49,6,3747,4,4,4,12,444,LOYAL
"Shawn Adler",108,6,4571,4,4,4,12,444,LOYAL
"Sharon Ellis",109,6,4548,4,4,4,12,444,LOYAL
"Jacob Burgess",100,5,4541,4,4,4,12,444,LOYAL
"Patrick Adcock",18,4,4523,4,4,4,12,444,LOYAL
"Arthur Glass",21,4,4513,4,4,4,12,444,LOYAL
"Russell Chan",25,6,4509,4,4,4,12,444,LOYAL
"Ann Steele",33,4,4441,4,4,4,12,444,LOYAL
"Beverly Cameron",43,4,4402,4,4,4,12,444,LOYAL
"Erica Pittman",50,4,3944,4,4,4,12,444,LOYAL
"Seth Davies",0,5,4325,4,4,4,12,444,LOYAL
"Karen O'Donnell",47,5,3654,4,4,4,12,444,LOYAL
"Edna Goodwin",84,5,3643,4,4,4,12,444,LOYAL
"Laurie Moon",63,4,4315,4,4,4,12,444,LOYAL
"Tamara Dickinson",80,5,5989,4,4,4,12,444,LOYAL
"Daniel Jones",106,4,3627,4,4,4,12,444,LOYAL
"Caroline Stone",84,6,4179,4,4,4,12,444,LOYAL
"Sheryl Reese",16,4,4176,4,4,4,12,444,LOYAL
"Sidney Scarborough",1,4,3611,4,4,4,12,444,LOYAL
"Kim McCarthy",39,5,3588,4,4,4,12,444,LOYAL
"Eric Dennis",99,5,4077,4,4,4,12,444,LOYAL
"Clara Bullock",6,5,4076,4,4,4,12,444,LOYAL
"Lynn Hines",93,4,3559,4,4,4,12,444,LOYAL
"Gordon Brandt",54,8,123746,4,4,4,12,444,LOYAL
"Laurie Hanna",90,4,4041,4,4,4,12,444,LOYAL
"Charlotte Stanton",50,5,3557,4,4,4,12,444,LOYAL
"Esther Whitaker",52,6,4022,4,4,4,12,444,LOYAL
"Louise Webster Sharma",56,5,4018,4,4,4,12,444,LOYAL
"Thomas Spence",19,5,4017,4,4,4,12,444,LOYAL
"Laurence Poe",93,4,3539,4,4,4,12,444,LOYAL
"Edith Norton",110,4,3999,4,4,4,12,444,LOYAL
"Meredith Brandon",119,4,3974,4,4,4,12,444,LOYAL
"Paige Powers",55,5,3966,4,4,4,12,444,LOYAL
"Leslie Woodard",35,4,3529,4,4,4,12,444,LOYAL
"Pauline Finch",108,6,3935,4,4,4,12,444,LOYAL
"Kerry Jernigan",67,6,3919,4,4,4,12,444,LOYAL
"Lorraine Boykin",18,5,3917,4,4,4,12,444,LOYAL
"Brett Hawkins",3,4,3886,4,4,4,12,444,LOYAL
"Jesse Farrell",82,4,3886,4,4,4,12,444,LOYAL
"Leon Peele",56,5,3855,4,4,4,12,444,LOYAL
"Kate McKenna",21,4,3843,4,4,4,12,444,LOYAL
"Lee Fields",92,4,3837,4,4,4,12,444,LOYAL
"Samantha Weaver",117,5,3833,4,4,4,12,444,LOYAL
"Alicia Curtis",119,8,4965,4,4,4,12,444,LOYAL
"Roberta Mitchell",12,4,4994,4,4,4,12,444,LOYAL
"Roy Love",63,4,5013,4,4,4,12,444,LOYAL
"Milton Padgett",74,4,5046,4,4,4,12,444,LOYAL
"Cameron Kendall",89,7,5076,4,4,4,12,444,LOYAL
"Elsie Pridgen",15,7,5211,4,4,4,12,444,LOYAL
"Rhonda Bryant",109,4,5218,4,4,4,12,444,LOYAL
"Anne Schultz",76,7,5253,4,4,4,12,444,LOYAL
"Gilbert Scarborough",103,4,5280,4,4,4,12,444,LOYAL
"Gerald Crabtree",4,5,5296,4,4,4,12,444,LOYAL
"Brad Stark",113,4,5404,4,4,4,12,444,LOYAL
"Anita Boyle",76,4,5424,4,4,4,12,444,LOYAL
"Sara O'Connor",97,4,5426,4,4,4,12,444,LOYAL
"Carmen Elmore",58,4,5453,4,4,4,12,444,LOYAL
"Earl Alston",77,5,5492,4,4,4,12,444,LOYAL
"Dana Rankin",67,7,9807,4,4,4,12,444,LOYAL
"Lynne Reid",45,5,5672,4,4,4,12,444,LOYAL
"Troy Cassidy",25,6,5729,4,4,4,12,444,LOYAL
"Shawn McIntyre",100,5,5745,4,4,4,12,444,LOYAL
"Wayne Bean",90,5,5752,4,4,4,12,444,LOYAL
"Molly Browning",28,5,5812,4,4,4,12,444,LOYAL
"Lucille Gibbons",38,4,5856,4,4,4,12,444,LOYAL
"Grace Black",87,5,5960,4,4,4,12,444,LOYAL
"Sean McKenna",64,6,6181,4,4,4,12,444,LOYAL
"April Bowers",114,4,6183,4,4,4,12,444,LOYAL
"Christopher High",77,6,6299,4,4,4,12,444,LOYAL
"Jeremy Orr",46,5,6451,4,4,4,12,444,LOYAL
"Tammy Goldman",22,4,6581,4,4,4,12,444,LOYAL
"Jon Kendall",120,5,6763,4,4,4,12,444,LOYAL
"Peter McConnell",27,7,6794,4,4,4,12,444,LOYAL
"Bruce Stark",38,5,6960,4,4,4,12,444,LOYAL
"Neil Bailey",27,5,6993,4,4,4,12,444,LOYAL
"Amy Hamrick Melvin",103,8,7025,4,4,4,12,444,LOYAL
"Dana Waller",93,5,7084,4,4,4,12,444,LOYAL
"Ricky Y Newman",98,5,7104,4,4,4,12,444,LOYAL
"Vivian Hodge",94,4,7120,4,4,4,12,444,LOYAL
"Dennis Welch",25,6,7148,4,4,4,12,444,LOYAL
"Betsy Puckett",73,5,7190,4,4,4,12,444,LOYAL
"James Dickinson Ball",20,4,7202,4,4,4,12,444,LOYAL
"Herman Leach",10,4,7324,4,4,4,12,444,LOYAL
"Jonathan Hong",55,6,7390,4,4,4,12,444,LOYAL
"Carmen McPherson",100,4,7501,4,4,4,12,444,LOYAL
"Annie Livingston",97,4,7505,4,4,4,12,444,LOYAL
"Tracey Gross",81,4,7639,4,4,4,12,444,LOYAL
"Debbie Stevenson",3,6,7716,4,4,4,12,444,LOYAL
"Joann Davidson Rich",29,5,7998,4,4,4,12,444,LOYAL
"Lauren West",37,8,8035,4,4,4,12,444,LOYAL
"Lindsay P Ashley",92,7,8080,4,4,4,12,444,LOYAL
"Gary Walton",90,4,8322,4,4,4,12,444,LOYAL
"Leah Davenport",106,4,8370,4,4,4,12,444,LOYAL
"Linda Weiss",5,8,8486,4,4,4,12,444,LOYAL
"Eva Simpson",36,4,8495,4,4,4,12,444,LOYAL
"Tonya Proctor",24,5,8496,4,4,4,12,444,LOYAL
"Calvin J Marcus",26,4,8575,4,4,4,12,444,LOYAL
"Gretchen Best Wilkins",106,6,8598,4,4,4,12,444,LOYAL
"Ray Oakley",51,6,8658,4,4,4,12,444,LOYAL
"Kerry Wilkerson",73,5,8788,4,4,4,12,444,LOYAL
"Mary Page",63,5,8804,4,4,4,12,444,LOYAL
"Priscilla Allen",107,4,9079,4,4,4,12,444,LOYAL
"Carole Miller",26,4,9176,4,4,4,12,444,LOYAL
"Juan Justice",64,4,9436,4,4,4,12,444,LOYAL
"Lillian Day",41,5,9848,4,4,4,12,444,LOYAL
"Randall Montgomery",4,5,10245,4,4,4,12,444,LOYAL
"Derek Jernigan",77,6,10541,4,4,4,12,444,LOYAL
"Lawrence Dennis",36,4,10597,4,4,4,12,444,LOYAL
"Emily Britt",113,9,10822,4,4,4,12,444,LOYAL
"Pauline Denton",43,5,10873,4,4,4,12,444,LOYAL
"Marie Bass",25,7,11517,4,4,4,12,444,LOYAL
"Billy Perry Browning",62,6,11523,4,4,4,12,444,LOYAL
"Marcia Greenberg",65,7,11757,4,4,4,12,444,LOYAL
"Danny Francis Bell",38,6,12071,4,4,4,12,444,LOYAL
"Jeffrey Cheng",109,4,12261,4,4,4,12,444,LOYAL
"Diana Schultz",10,4,12476,4,4,4,12,444,LOYAL
"Annie Booth",70,4,12531,4,4,4,12,444,LOYAL
"Annie Odom",103,4,13851,4,4,4,12,444,LOYAL
"Wesley Waller",8,7,14022,4,4,4,12,444,LOYAL
"Julie Edwards",21,5,14222,4,4,4,12,444,LOYAL
"Wayne Bass",68,9,14226,4,4,4,12,444,LOYAL
"Ruth Stout",24,5,14511,4,4,4,12,444,LOYAL
"Juan Gilbert",22,4,14896,4,4,4,12,444,LOYAL
"Katie Dougherty",118,4,14925,4,4,4,12,444,LOYAL
"Lester Stuart",28,5,14955,4,4,4,12,444,LOYAL
"Peter Brooks",5,7,15176,4,4,4,12,444,LOYAL
"Helen Stein",92,4,16610,4,4,4,12,444,LOYAL
"Gail Rankin Cole",6,9,16613,4,4,4,12,444,LOYAL
"Leroy Blanchard",2,7,16626,4,4,4,12,444,LOYAL
"Stuart Holloway",65,5,16853,4,4,4,12,444,LOYAL
"Alexander O'Brien",21,4,16977,4,4,4,12,444,LOYAL
"Jimmy Han",16,5,18559,4,4,4,12,444,LOYAL
"Alex Harding",47,5,18764,4,4,4,12,444,LOYAL
"Brad H Blake",110,6,19076,4,4,4,12,444,LOYAL
"Carlos Johnson",14,8,19331,4,4,4,12,444,LOYAL
"Dwight Robinson",27,5,20042,4,4,4,12,444,LOYAL
"Alfred Barber",25,5,20072,4,4,4,12,444,LOYAL
"Ernest Oh",58,7,20211,4,4,4,12,444,LOYAL
"Tony Wilkins Winters",90,8,20618,4,4,4,12,444,LOYAL
"Marjorie Pope",40,4,20745,4,4,4,12,444,LOYAL
"Gene Gilliam",31,7,20796,4,4,4,12,444,LOYAL
"Juanita Ballard",29,7,21662,4,4,4,12,444,LOYAL
"George Yates",42,5,22529,4,4,4,12,444,LOYAL
"Lee Xu",35,6,22952,4,4,4,12,444,LOYAL
"Jacqueline Noble",64,5,23629,4,4,4,12,444,LOYAL
"Maurice Everett",23,9,24347,4,4,4,12,444,LOYAL
"Timothy Ross",42,8,26260,4,4,4,12,444,LOYAL
"Patrick Hendrix",30,4,27179,4,4,4,12,444,LOYAL
"Pamela Wiley",29,12,27237,4,4,4,12,444,LOYAL
"Wesley Tate",6,8,27793,4,4,4,12,444,LOYAL
"Keith Marsh",85,9,28245,4,4,4,12,444,LOYAL
"Paul Tate",123,6,29628,4,4,4,12,444,LOYAL
"Clara Hauser",106,9,32849,4,4,4,12,444,LOYAL
"Eddie House Mueller",22,9,33994,4,4,4,12,444,LOYAL
"Harold Albright",117,5,34062,4,4,4,12,444,LOYAL
"Eleanor Swain",26,12,34313,4,4,4,12,444,LOYAL
"Maxine Collier Grady",73,13,34557,4,4,4,12,444,LOYAL
"Yvonne Mann",19,5,36325,4,4,4,12,444,LOYAL
"Tammy Raynor",72,6,36338,4,4,4,12,444,LOYAL
"Herbert Holden",13,13,37361,4,4,4,12,444,LOYAL
"Jenny Gold",18,14,39668,4,4,4,12,444,LOYAL
"Bonnie Matthews Rowland",76,11,39902,4,4,4,12,444,LOYAL
"Andrew Levine",45,13,43656,4,4,4,12,444,LOYAL
"Kara Gregory",76,7,47971,4,4,4,12,444,LOYAL
"Dana Sharpe",43,6,50162,4,4,4,12,444,LOYAL
"Sean N Boyer",108,15,55242,4,4,4,12,444,LOYAL
"Ruth McConnell Young",99,6,55258,4,4,4,12,444,LOYAL
"Priscilla Kane",28,9,61611,4,4,4,12,444,LOYAL
"Nina Horne Kelly",88,4,78244,4,4,4,12,444,LOYAL
"Leigh Burnette Hurley",3,13,83652,4,4,4,12,444,LOYAL
"Rosemary O'Brien",67,6,86541,4,4,4,12,444,LOYAL
"Glen Caldwell",63,15,89270,4,4,4,12,444,LOYAL
"Laurence Cummings",37,4,1965,4,4,3,11,443,LOYAL
"Veronica Peck",106,5,2985,4,4,3,11,443,LOYAL
"Roger Schwartz",98,5,2976,4,4,3,11,443,LOYAL
"Frances Jackson",61,3,4954,4,3,4,11,434,LOYAL
"Jose Chan",51,2,4953,4,3,4,11,434,LOYAL
"Carlos Hess",138,5,4925,3,4,4,11,344,"SLIPPING AWAY, CANNOT LOSE"
"Monica Law Thompson",116,3,3488,4,3,4,11,434,LOYAL
"Julie Porter",101,6,3284,4,4,3,11,443,LOYAL
"Irene Murphy",74,4,2926,4,4,3,11,443,LOYAL
"Joanne Church",6,5,1953,4,4,3,11,443,LOYAL
"Yvonne Fox",69,5,2902,4,4,3,11,443,LOYAL
"Kara Allison",32,3,4876,4,3,4,11,434,LOYAL
"Maxine Joyner",13,4,1950,4,4,3,11,443,LOYAL
"Samantha Koch",206,6,4854,3,4,4,11,344,"SLIPPING AWAY, CANNOT LOSE"
"Harry Burns",56,4,3250,4,4,3,11,443,LOYAL
"Claudia Webb",73,7,1437,4,4,3,11,443,LOYAL
"Marie Pittman",2,5,2884,4,4,3,11,443,LOYAL
"Dan George",106,4,2884,4,4,3,11,443,LOYAL
"Gordon Sutherland",60,5,2878,4,4,3,11,443,LOYAL
"Robyn White",141,4,3784,3,4,4,11,344,"SLIPPING AWAY, CANNOT LOSE"
"Brandon Beach",88,5,1563,4,4,3,11,443,LOYAL
"Franklin Spencer",41,6,2859,4,4,3,11,443,LOYAL
"Kara Foster",67,6,3215,4,4,3,11,443,LOYAL
"Kate Lehman",188,6,4847,3,4,4,11,344,"SLIPPING AWAY, CANNOT LOSE"
"Gary Frazier",135,6,3472,3,4,4,11,344,"SLIPPING AWAY, CANNOT LOSE"
"Jean Bryan",28,4,3201,4,4,3,11,443,LOYAL
"Edna Freeman",107,4,2836,4,4,3,11,443,LOYAL
"Emma Copeland",7,4,1645,4,4,3,11,443,LOYAL
"Geoffrey Koch",241,6,4809,3,4,4,11,344,"SLIPPING AWAY, CANNOT LOSE"
"Erin Y Stewart",19,4,3105,4,4,3,11,443,LOYAL
"Jay Hubbard",2,2,4791,4,3,4,11,434,LOYAL
"Jacob Archer",41,2,3781,4,3,4,11,434,LOYAL
"Holly Pate",9,4,2795,4,4,3,11,443,LOYAL
"Edward Leonard",62,3,4763,4,3,4,11,434,LOYAL
"Harriet Moore",42,4,2790,4,4,3,11,443,LOYAL
"George McLamb",241,5,4712,3,4,4,11,344,"SLIPPING AWAY, CANNOT LOSE"
"Gilbert Washington",119,4,2773,4,4,3,11,443,LOYAL
"Jacqueline McMahon",98,4,2763,4,4,3,11,443,LOYAL
"Kimberly Melvin",102,4,1537,4,4,3,11,443,LOYAL
"Lewis Khan",252,4,3463,3,4,4,11,344,"SLIPPING AWAY, CANNOT LOSE"
"Christine Gardner",18,4,2758,4,4,3,11,443,LOYAL
"Megan Woods",148,5,3456,3,4,4,11,344,"SLIPPING AWAY, CANNOT LOSE"
"Diane Flynn",101,2,4676,4,3,4,11,434,LOYAL
"Evan Kelley",54,5,2719,4,4,3,11,443,LOYAL
"Gregory Beasley",17,5,3075,4,4,3,11,443,LOYAL
"Frederick Cole",110,3,4646,4,3,4,11,434,LOYAL
"Joel Buckley",165,4,3776,3,4,4,11,344,"SLIPPING AWAY, CANNOT LOSE"
"Kim Reese",74,5,2677,4,4,3,11,443,LOYAL
"Annette McIntyre",11,7,2672,4,4,3,11,443,LOYAL
"Gary Koch",68,6,1902,4,4,3,11,443,LOYAL
"Kelly Burnette",83,7,2625,4,4,3,11,443,LOYAL
"Elizabeth Herman",66,2,3452,4,3,4,11,434,LOYAL
"Miriam Bowman",32,4,1711,4,4,3,11,443,LOYAL
"Marianne Connor",97,4,1224,4,4,3,11,443,LOYAL
"Guy Gallagher",59,4,2591,4,4,3,11,443,LOYAL
"Natalie Aldridge",27,5,2527,4,4,3,11,443,LOYAL
"Lucille McGee",81,7,2525,4,4,3,11,443,LOYAL
"Marian Willis",202,5,7836,3,4,4,11,344,"SLIPPING AWAY, CANNOT LOSE"
"Judy Barrett",19,5,2509,4,4,3,11,443,LOYAL
"Helen Simpson",13,5,2502,4,4,3,11,443,LOYAL
"Sheryl Cole",187,6,3435,3,4,4,11,344,"SLIPPING AWAY, CANNOT LOSE"
"Alexandra Wise",38,4,2491,4,4,3,11,443,LOYAL
"Jordan Beard",25,5,1579,4,4,3,11,443,LOYAL
"Jimmy Hsu",112,4,3013,4,4,3,11,443,LOYAL
"Gary Grimes",90,2,3734,4,3,4,11,434,LOYAL
"Kara Wang",123,4,4529,3,4,4,11,344,"SLIPPING AWAY, CANNOT LOSE"
"Jay Simon",110,3,4525,4,3,4,11,434,LOYAL
"James Davenport",56,4,1637,4,4,3,11,443,LOYAL
"Rhonda Stein",55,6,2464,4,4,3,11,443,LOYAL
"Laurence Simon",170,5,3685,3,4,4,11,344,"SLIPPING AWAY, CANNOT LOSE"
"Melanie Barker Hirsch",9,4,1419,4,4,3,11,443,LOYAL
"Ryan Rosen",62,3,4501,4,3,4,11,434,LOYAL
"Tracy G Starr",117,4,1835,4,4,3,11,443,LOYAL
"Ruby Horowitz",189,4,3678,3,4,4,11,344,"SLIPPING AWAY, CANNOT LOSE"
"Sidney Greenberg",271,4,3655,3,4,4,11,344,"SLIPPING AWAY, CANNOT LOSE"
"Kevin Smith",77,4,1830,4,4,3,11,443,LOYAL
"Lucy Arthur",30,4,2423,4,4,3,11,443,LOYAL
"Harry Berger",246,5,4466,3,4,4,11,344,"SLIPPING AWAY, CANNOT LOSE"
"Dana Jain",107,5,2416,4,4,3,11,443,LOYAL
"Kim Byrd",46,2,4368,4,3,4,11,434,LOYAL
"Gary Hester",74,4,2398,4,4,3,11,443,LOYAL
"Gretchen Davis",202,4,4366,3,4,4,11,344,"SLIPPING AWAY, CANNOT LOSE"
"Jackie McCullough",15,4,2388,4,4,3,11,443,LOYAL
"Milton Clarke",102,5,2384,4,4,3,11,443,LOYAL
"Patsy Harmon",42,5,2382,4,4,3,11,443,LOYAL
"Gene Cox",64,3,3409,4,3,4,11,434,LOYAL
"Stuart C Robinson",199,5,4299,3,4,4,11,344,"SLIPPING AWAY, CANNOT LOSE"
"Kathryn Tate",216,5,4297,3,4,4,11,344,"SLIPPING AWAY, CANNOT LOSE"
"Melanie Burgess",33,3,4268,4,3,4,11,434,LOYAL
"Elsie Boykin",37,5,3368,4,4,3,11,443,LOYAL
"Willie Robinson",31,5,1265,4,4,3,11,443,LOYAL
"Wanda Stafford",103,2,4210,4,3,4,11,434,LOYAL
"Joanna Kenney",31,6,1455,4,4,3,11,443,LOYAL
"Christina Thompson",83,4,2322,4,4,3,11,443,LOYAL
"Brian Norman",100,6,1431,4,4,3,11,443,LOYAL
"Alicia Wood Shah",206,4,3616,3,4,4,11,344,"SLIPPING AWAY, CANNOT LOSE"
"Kimberly Reilly",48,5,2306,4,4,3,11,443,LOYAL
"Michelle Bryant Phillips",126,5,4177,3,4,4,11,344,"SLIPPING AWAY, CANNOT LOSE"
"Kathy Hinton",119,3,4163,4,3,4,11,434,LOYAL
"Marshall Sutherland",51,8,1800,4,4,3,11,443,LOYAL
"Christy Watkins",16,4,2236,4,4,3,11,443,LOYAL
"Douglas English",233,5,4144,3,4,4,11,344,"SLIPPING AWAY, CANNOT LOSE"
"Gayle Waller",138,4,4101,3,4,4,11,344,"SLIPPING AWAY, CANNOT LOSE"
"Crystal Floyd",83,4,2221,4,4,3,11,443,LOYAL
"Joy Maxwell",153,4,4101,3,4,4,11,344,"SLIPPING AWAY, CANNOT LOSE"
"Cindy Hinton",52,4,2206,4,4,3,11,443,LOYAL
"Barbara McNamara",127,4,3595,3,4,4,11,344,"SLIPPING AWAY, CANNOT LOSE"
"Carolyn Greer",86,6,2194,4,4,3,11,443,LOYAL
"Geoffrey H Wong",110,5,2188,4,4,3,11,443,LOYAL
"Pam Bennett",47,5,3339,4,4,3,11,443,LOYAL
"Vicki Shannon",121,2,4089,4,3,4,11,434,LOYAL
"Todd D Norris",44,4,2172,4,4,3,11,443,LOYAL
"Cathy Weber",79,4,1494,4,4,3,11,443,LOYAL
"Ernest Peele",14,3,3577,4,3,4,11,434,LOYAL
"Ralph Woods Scott",248,6,4058,3,4,4,11,344,"SLIPPING AWAY, CANNOT LOSE"
"Don Beard",62,3,4049,4,3,4,11,434,LOYAL
"Kent Kerr",285,6,4048,3,4,4,11,344,"SLIPPING AWAY, CANNOT LOSE"
"Christopher Norton Patterson",83,4,1195,4,4,3,11,443,LOYAL
"Harvey Barrett",213,4,3548,3,4,4,11,344,"SLIPPING AWAY, CANNOT LOSE"
"Ricky Sanders",101,4,1451,4,4,3,11,443,LOYAL
"David Weaver",123,5,4006,3,4,4,11,344,"SLIPPING AWAY, CANNOT LOSE"
"Christopher Horner",106,4,1779,4,4,3,11,443,LOYAL
"Alexandra Duke",78,2,4002,4,3,4,11,434,LOYAL
"Larry Church",225,5,3542,3,4,4,11,344,"SLIPPING AWAY, CANNOT LOSE"
"Jamie Manning",106,4,1240,4,4,3,11,443,LOYAL
"Jennifer Zimmerman",272,4,3984,3,4,4,11,344,"SLIPPING AWAY, CANNOT LOSE"
"Rodney Horn Kirby",108,3,3533,4,3,4,11,434,LOYAL
"Joann Moser",117,3,3532,4,3,4,11,434,LOYAL
"Sean Sparks",79,4,2114,4,4,3,11,443,LOYAL
"Terri Lyons",86,7,1769,4,4,3,11,443,LOYAL
"Joy Petty",27,3,3525,4,3,4,11,434,LOYAL
"Regina Langley",81,6,1767,4,4,3,11,443,LOYAL
"Jennifer Siegel",6,4,1369,4,4,3,11,443,LOYAL
"Sharon Marcus",48,4,1273,4,4,3,11,443,LOYAL
"Leah MacDonald",77,4,2092,4,4,3,11,443,LOYAL
"Lynn Moss",43,3,3521,4,3,4,11,434,LOYAL
"Marvin Hunt",237,4,3950,3,4,4,11,344,"SLIPPING AWAY, CANNOT LOSE"
"Maria Russell",4,3,3939,4,3,4,11,434,LOYAL
"Florence Gold",88,4,1752,4,4,3,11,443,LOYAL
"Julia Haynes",139,6,3933,3,4,4,11,344,"SLIPPING AWAY, CANNOT LOSE"
"Marianne Cochran",29,5,1234,4,4,3,11,443,LOYAL
"Robyn Buchanan",195,5,3928,3,4,4,11,344,"SLIPPING AWAY, CANNOT LOSE"
"Kerry Beach",144,5,3927,3,4,4,11,344,"SLIPPING AWAY, CANNOT LOSE"
"Lindsay Hoffman",10,5,1747,4,4,3,11,443,LOYAL
"Josephine Dalton",104,2,3926,4,3,4,11,434,LOYAL
"Keith Liu Duncan",196,4,3501,3,4,4,11,344,"SLIPPING AWAY, CANNOT LOSE"
"Gilbert Godfrey",126,4,3918,3,4,4,11,344,"SLIPPING AWAY, CANNOT LOSE"
"Larry Neal",92,5,2031,4,4,3,11,443,LOYAL
"Dennis Bowen",143,4,3915,3,4,4,11,344,"SLIPPING AWAY, CANNOT LOSE"
"Matthew Conway",74,4,1370,4,4,3,11,443,LOYAL
"Ted Crowder",12,7,1732,4,4,3,11,443,LOYAL
"Brenda Cobb",88,2,3492,4,3,4,11,434,LOYAL
"Dorothy Holt",143,5,3857,3,4,4,11,344,"SLIPPING AWAY, CANNOT LOSE"
"Billie Glass",46,3,3850,4,3,4,11,434,LOYAL
"Bonnie Potter",183,4,5014,3,4,4,11,344,"SLIPPING AWAY, CANNOT LOSE"
"Edna Pierce",20,3,5048,4,3,4,11,434,LOYAL
"Keith Fowler",40,2,5085,4,3,4,11,434,LOYAL
"Kristina Sanders",215,5,5124,3,4,4,11,344,"SLIPPING AWAY, CANNOT LOSE"
"Jason Bray",158,5,5201,3,4,4,11,344,"SLIPPING AWAY, CANNOT LOSE"
"Ashley Neal",40,3,5223,4,3,4,11,434,LOYAL
"William McDonald",131,4,5318,3,4,4,11,344,"SLIPPING AWAY, CANNOT LOSE"
"Francis I Davis",159,4,5346,3,4,4,11,344,"SLIPPING AWAY, CANNOT LOSE"
"Rebecca Abrams",125,4,5401,3,4,4,11,344,"SLIPPING AWAY, CANNOT LOSE"
"Jan Cross",170,5,5419,3,4,4,11,344,"SLIPPING AWAY, CANNOT LOSE"
"Megan York",277,7,5431,3,4,4,11,344,"SLIPPING AWAY, CANNOT LOSE"
"Julie Pruitt",7,2,5438,4,3,4,11,434,LOYAL
"Sally Liu",289,4,5449,3,4,4,11,344,"SLIPPING AWAY, CANNOT LOSE"
"Amy Ellis Holder",266,4,5450,3,4,4,11,344,"SLIPPING AWAY, CANNOT LOSE"
"Katherine Knight",188,5,5465,3,4,4,11,344,"SLIPPING AWAY, CANNOT LOSE"
"Kate Glover",53,3,5496,4,3,4,11,434,LOYAL
"Gene Heath Cross",206,4,5547,3,4,4,11,344,"SLIPPING AWAY, CANNOT LOSE"
"Cynthia Khan",254,9,5568,3,4,4,11,344,"SLIPPING AWAY, CANNOT LOSE"
"Monica McCormick",118,2,5609,4,3,4,11,434,LOYAL
"Warren Carver",29,3,5634,4,3,4,11,434,LOYAL
"Marian Anthony",84,2,5653,4,3,4,11,434,LOYAL
"Neil Hahn",13,2,5660,4,3,4,11,434,LOYAL
"Julian Keith Mayer",141,5,5696,3,4,4,11,344,"SLIPPING AWAY, CANNOT LOSE"
"Kristine Holden",169,5,5755,3,4,4,11,344,"SLIPPING AWAY, CANNOT LOSE"
"Jonathan Cheng",45,3,5771,4,3,4,11,434,LOYAL
"John Merritt",118,3,5877,4,3,4,11,434,LOYAL
"Glenda Taylor Strauss",87,2,5897,4,3,4,11,434,LOYAL
"Marian Bryant",69,3,5994,4,3,4,11,434,LOYAL
"Marian Alexander",41,3,6083,4,3,4,11,434,LOYAL
"Frank Hess",143,4,6152,3,4,4,11,344,"SLIPPING AWAY, CANNOT LOSE"
"Cindy Harvey",282,5,6156,3,4,4,11,344,"SLIPPING AWAY, CANNOT LOSE"
"Edgar McKenzie",224,4,6293,3,4,4,11,344,"SLIPPING AWAY, CANNOT LOSE"
"Robert Cowan",135,4,6382,3,4,4,11,344,"SLIPPING AWAY, CANNOT LOSE"
"Douglas Sutton",185,5,6384,3,4,4,11,344,"SLIPPING AWAY, CANNOT LOSE"
"Julia Reynolds",26,3,6385,4,3,4,11,434,LOYAL
"Stacey Bowers",35,3,6444,4,3,4,11,434,LOYAL
"Glenda Dougherty",2,2,6530,4,3,4,11,434,LOYAL
"Clarence Crowder",33,2,6565,4,3,4,11,434,LOYAL
"Jimmy Boswell",142,5,6565,3,4,4,11,344,"SLIPPING AWAY, CANNOT LOSE"
"James Craft",22,3,6687,4,3,4,11,434,LOYAL
"Bill Bowers Li",91,3,6701,4,3,4,11,434,LOYAL
"Wesley Cho",107,3,6788,4,3,4,11,434,LOYAL
"Danielle Daniel",118,3,6806,4,3,4,11,434,LOYAL
"Jon Ayers",284,4,6829,3,4,4,11,344,"SLIPPING AWAY, CANNOT LOSE"
"Bernice Stanley",60,2,6843,4,3,4,11,434,LOYAL
"Larry Hall",199,4,6899,3,4,4,11,344,"SLIPPING AWAY, CANNOT LOSE"
"Julian Stallings",105,2,6932,4,3,4,11,434,LOYAL
"Ricky Dougherty",206,5,7181,3,4,4,11,344,"SLIPPING AWAY, CANNOT LOSE"
"Matthew Berman",202,5,7244,3,4,4,11,344,"SLIPPING AWAY, CANNOT LOSE"
"Gayle Lawson",112,3,7557,4,3,4,11,434,LOYAL
"Jerry Webster",110,3,7587,4,3,4,11,434,LOYAL
"Erin Erickson",40,3,7621,4,3,4,11,434,LOYAL
"Yvonne Stephens",108,2,7843,4,3,4,11,434,LOYAL
"Edward Pugh",44,3,8060,4,3,4,11,434,LOYAL
"Mitchell Ross",152,4,8148,3,4,4,11,344,"SLIPPING AWAY, CANNOT LOSE"
"Vicki Womble",100,3,8165,4,3,4,11,434,LOYAL
"Stuart Wiley",71,3,8456,4,3,4,11,434,LOYAL
"Erin Brandt Spivey",16,3,8539,4,3,4,11,434,LOYAL
"Leroy Field",212,5,8593,3,4,4,11,344,"SLIPPING AWAY, CANNOT LOSE"
"Beverly Roberts",171,4,8873,3,4,4,11,344,"SLIPPING AWAY, CANNOT LOSE"
"Thomas Frazier",109,2,8955,4,3,4,11,434,LOYAL
"Jack Morse",213,4,9028,3,4,4,11,344,"SLIPPING AWAY, CANNOT LOSE"
"Vernon Hirsch Singleton",91,3,9077,4,3,4,11,434,LOYAL
"Brian Bennett",3,2,9271,4,3,4,11,434,LOYAL
"Elsie Dodson",29,3,9436,4,3,4,11,434,LOYAL
"Jimmy Alston Holder",157,4,9436,3,4,4,11,344,"SLIPPING AWAY, CANNOT LOSE"
"Ross Simpson",166,5,9460,3,4,4,11,344,"SLIPPING AWAY, CANNOT LOSE"
"Anna Ellis",214,5,9535,3,4,4,11,344,"SLIPPING AWAY, CANNOT LOSE"
"Steven Long",284,4,9573,3,4,4,11,344,"SLIPPING AWAY, CANNOT LOSE"
"Gayle Christian",162,4,9795,3,4,4,11,344,"SLIPPING AWAY, CANNOT LOSE"
"Sean Herbert",53,2,10134,4,3,4,11,434,LOYAL
"Carole Rosen",258,6,10229,3,4,4,11,344,"SLIPPING AWAY, CANNOT LOSE"
"Marilyn Bishop",72,3,10559,4,3,4,11,434,LOYAL
"Harold Briggs",19,3,10697,4,3,4,11,434,LOYAL
"Ruth Lamm",151,6,10857,3,4,4,11,344,"SLIPPING AWAY, CANNOT LOSE"
"Shelley Grant",78,2,10888,4,3,4,11,434,LOYAL
"Lillian Fischer",146,5,11061,3,4,4,11,344,"SLIPPING AWAY, CANNOT LOSE"
"Debra Proctor",185,6,11070,3,4,4,11,344,"SLIPPING AWAY, CANNOT LOSE"
"John Bray",133,5,11613,3,4,4,11,344,"SLIPPING AWAY, CANNOT LOSE"
"Valerie Hahn",115,2,11994,4,3,4,11,434,LOYAL
"Judith French",85,2,12084,4,3,4,11,434,LOYAL
"Lois Hansen",221,4,12103,3,4,4,11,344,"SLIPPING AWAY, CANNOT LOSE"
"Jane Freeman",99,3,12321,4,3,4,11,434,LOYAL
"Kelly Byers",153,4,12763,3,4,4,11,344,"SLIPPING AWAY, CANNOT LOSE"
"Kathryn Jenkins",148,4,12811,3,4,4,11,344,"SLIPPING AWAY, CANNOT LOSE"
"Bradley Schroeder",258,4,12932,3,4,4,11,344,"SLIPPING AWAY, CANNOT LOSE"
"Grace Vaughn",49,2,13017,4,3,4,11,434,LOYAL
"Miriam Snow",43,2,13128,4,3,4,11,434,LOYAL
"Bob Dickens",154,6,13242,3,4,4,11,344,"SLIPPING AWAY, CANNOT LOSE"
"Brenda Jain",214,4,13417,3,4,4,11,344,"SLIPPING AWAY, CANNOT LOSE"
"Glenda Hunter",125,9,14360,3,4,4,11,344,"SLIPPING AWAY, CANNOT LOSE"
"Ralph Fowler",117,3,14682,4,3,4,11,434,LOYAL
"Lynn Payne",72,3,15457,4,3,4,11,434,LOYAL
"Yvonne Clarke",129,5,15495,3,4,4,11,344,"SLIPPING AWAY, CANNOT LOSE"
"George Shields",172,4,16290,3,4,4,11,344,"SLIPPING AWAY, CANNOT LOSE"
"Richard McClure",132,7,16355,3,4,4,11,344,"SLIPPING AWAY, CANNOT LOSE"
"Nelson Hensley",257,8,16510,3,4,4,11,344,"SLIPPING AWAY, CANNOT LOSE"
"Dwight Albright Huffman",271,7,16613,3,4,4,11,344,"SLIPPING AWAY, CANNOT LOSE"
"Marie Daniel",52,3,18198,4,3,4,11,434,LOYAL
"Vanessa Boyer",163,11,18390,3,4,4,11,344,"SLIPPING AWAY, CANNOT LOSE"
"Joe Baldwin",127,5,19647,3,4,4,11,344,"SLIPPING AWAY, CANNOT LOSE"
"Anita Kang",186,6,19719,3,4,4,11,344,"SLIPPING AWAY, CANNOT LOSE"
"Ronnie Dodson",175,5,20269,3,4,4,11,344,"SLIPPING AWAY, CANNOT LOSE"
"Erin Ballard",280,5,21346,3,4,4,11,344,"SLIPPING AWAY, CANNOT LOSE"
"Brent Coates",31,3,22340,4,3,4,11,434,LOYAL
"Marvin Patrick",139,6,22894,3,4,4,11,344,"SLIPPING AWAY, CANNOT LOSE"
"Arlene Long",241,8,25159,3,4,4,11,344,"SLIPPING AWAY, CANNOT LOSE"
"Alfred Singh",182,6,25358,3,4,4,11,344,"SLIPPING AWAY, CANNOT LOSE"
"Andrea Shaw",175,5,26285,3,4,4,11,344,"SLIPPING AWAY, CANNOT LOSE"
"Geoffrey Saunders",139,8,26407,3,4,4,11,344,"SLIPPING AWAY, CANNOT LOSE"
"Louis Parrish",128,17,30876,3,4,4,11,344,"SLIPPING AWAY, CANNOT LOSE"
"Allison Kirby",239,5,31574,3,4,4,11,344,"SLIPPING AWAY, CANNOT LOSE"
"Constance Flowers",272,10,32612,3,4,4,11,344,"SLIPPING AWAY, CANNOT LOSE"
"Andrew Gonzalez",135,16,33908,3,4,4,11,344,"SLIPPING AWAY, CANNOT LOSE"
"Toni Swanson",157,7,40871,3,4,4,11,344,"SLIPPING AWAY, CANNOT LOSE"
"Frank Cross",78,3,44016,4,3,4,11,434,LOYAL
"Caroline Morton",151,4,52806,3,4,4,11,344,"SLIPPING AWAY, CANNOT LOSE"
"Scott Bunn",202,5,54092,3,4,4,11,344,"SLIPPING AWAY, CANNOT LOSE"
"Amanda Kay",164,4,55793,3,4,4,11,344,"SLIPPING AWAY, CANNOT LOSE"
"Dana Teague",220,7,61299,3,4,4,11,344,"SLIPPING AWAY, CANNOT LOSE"
"Kristine Connolly",215,11,81296,3,4,4,11,344,"SLIPPING AWAY, CANNOT LOSE"
"Constance Robertson",99,4,858,4,4,2,10,442,Other
"Eileen Dalton",176,5,2992,3,4,3,10,343,"SLIPPING AWAY, CANNOT LOSE"
"Miriam Francis",61,2,1976,4,3,3,10,433,LOYAL
"Don Cameron",147,5,1963,3,4,3,10,343,"SLIPPING AWAY, CANNOT LOSE"
"Charlie Blalock",185,2,4958,3,3,4,10,334,"SLIPPING AWAY, CANNOT LOSE"
"Victor Hansen",117,3,3313,4,3,3,10,433,LOYAL
"Brad Pearce",34,3,2976,4,3,3,10,433,LOYAL
"Dwight M Carr",137,5,1957,3,4,3,10,343,"SLIPPING AWAY, CANNOT LOSE"
"Chris F Brandt",69,4,953,4,4,2,10,442,Other
"Howard Rogers",177,4,3287,3,4,3,10,343,"SLIPPING AWAY, CANNOT LOSE"
"Bill Terrell",175,2,3807,3,3,4,10,334,"SLIPPING AWAY, CANNOT LOSE"
"Jordan Womble",138,4,3284,3,4,3,10,343,"SLIPPING AWAY, CANNOT LOSE"
"Ross Kent",194,2,4903,3,3,4,10,334,"SLIPPING AWAY, CANNOT LOSE"
"Nelson House",74,2,1557,4,3,3,10,433,LOYAL
"Sandra Shaw",85,4,1031,4,4,2,10,442,Other
"Judy Kirk",76,4,453,4,4,2,10,442,Other
"Mildred Chase",62,3,1952,4,3,3,10,433,LOYAL
"Janice Woods",171,4,2912,3,4,3,10,343,"SLIPPING AWAY, CANNOT LOSE"
"Benjamin Bates",66,2,1651,4,3,3,10,433,LOYAL
"Marianne Kane",26,1,4854,4,2,4,10,424,Other
"Jane Clayton",131,8,2896,3,4,3,10,343,"SLIPPING AWAY, CANNOT LOSE"
"Carolyn Hoffman",288,5,1944,3,4,3,10,343,"SLIPPING AWAY, CANNOT LOSE"
"Wesley Reid",179,5,2871,3,4,3,10,343,"SLIPPING AWAY, CANNOT LOSE"
"Gregory Crane",6,3,2863,4,3,3,10,433,LOYAL
"Rick Houston",5,6,1078,4,4,2,10,442,Other
"Jean Webster",247,6,3214,3,4,3,10,343,"SLIPPING AWAY, CANNOT LOSE"
"Carol T Pitts",215,4,1475,3,4,3,10,343,"SLIPPING AWAY, CANNOT LOSE"
"Florence Clayton",192,5,1407,3,4,3,10,343,"SLIPPING AWAY, CANNOT LOSE"
"Nicole Harris",7,3,2857,4,3,3,10,433,LOYAL
"Arlene Lutz",172,4,1647,3,4,3,10,343,"SLIPPING AWAY, CANNOT LOSE"
"Rebecca Frazier Foley",138,5,3203,3,4,3,10,343,"SLIPPING AWAY, CANNOT LOSE"
"Sidney Gilliam",1,5,729,4,4,2,10,442,Other
"Marilyn Blalock",117,1,4826,4,2,4,10,424,Other
"James Li",216,4,2846,3,4,3,10,343,"SLIPPING AWAY, CANNOT LOSE"
"Sandra Howe",232,4,2837,3,4,3,10,343,"SLIPPING AWAY, CANNOT LOSE"
"Faye Hanna",277,5,3175,3,4,3,10,343,"SLIPPING AWAY, CANNOT LOSE"
"Vincent Hale",315,4,4810,2,4,4,10,244,Other
"Thomas McAllister",276,4,2835,3,4,3,10,343,"SLIPPING AWAY, CANNOT LOSE"
"Stephanie Sun Perry",265,5,3152,3,4,3,10,343,"SLIPPING AWAY, CANNOT LOSE"
"Kathy Norman",260,5,1924,3,4,3,10,343,"SLIPPING AWAY, CANNOT LOSE"
"Daniel Richmond",25,3,2832,4,3,3,10,433,LOYAL
"Sandy Ellington",224,6,2823,3,4,3,10,343,"SLIPPING AWAY, CANNOT LOSE"
"Carolyn Bowling",91,3,2817,4,3,3,10,433,LOYAL
"Adam G Sawyer",257,5,3097,3,4,3,10,343,"SLIPPING AWAY, CANNOT LOSE"
"Joanna Hill",219,4,2813,3,4,3,10,343,"SLIPPING AWAY, CANNOT LOSE"
"Ethel Coley",116,2,2802,4,3,3,10,433,LOYAL
"Emma Bowles",21,2,2788,4,3,3,10,433,LOYAL
"Barbara Whitfield",11,2,2784,4,3,3,10,433,LOYAL
"Patsy Langley",2,3,2777,4,3,3,10,433,LOYAL
"Sheryl Alexander",88,3,2768,4,3,3,10,433,LOYAL
"Tara Gold",360,5,4686,2,4,4,10,244,Other
"James Hunter",203,6,2751,3,4,3,10,343,"SLIPPING AWAY, CANNOT LOSE"
"Helen Lyons",275,4,1536,3,4,3,10,343,"SLIPPING AWAY, CANNOT LOSE"
"Yvonne Collier",137,4,2747,3,4,3,10,343,"SLIPPING AWAY, CANNOT LOSE"
"Laura Carver Branch",95,2,1472,4,3,3,10,433,LOYAL
"Grace Everett",155,4,3088,3,4,3,10,343,"SLIPPING AWAY, CANNOT LOSE"
"Anne Kelley",51,3,2730,4,3,3,10,433,LOYAL
"Sharon Thomas",162,5,2719,3,4,3,10,343,"SLIPPING AWAY, CANNOT LOSE"
"Michael Shaffer",204,4,2718,3,4,3,10,343,"SLIPPING AWAY, CANNOT LOSE"
"Erica Riddle",64,3,2689,4,3,3,10,433,LOYAL
"Faye Manning",549,6,3765,2,4,4,10,244,Other
"Samuel Simmons",105,3,1318,4,3,3,10,433,LOYAL
"Joel Huffman",63,5,518,4,4,2,10,442,Other
"Natalie Snow",88,4,960,4,4,2,10,442,Other
"Gordon Lyon",283,5,1644,3,4,3,10,343,"SLIPPING AWAY, CANNOT LOSE"
"Hilda Bennett",234,4,2643,3,4,3,10,343,"SLIPPING AWAY, CANNOT LOSE"
"Anne Bland",98,5,516,4,4,2,10,442,Other
"Vincent Cash Bryant",175,3,3751,3,3,4,10,334,"SLIPPING AWAY, CANNOT LOSE"
"Colleen Wilcox",187,4,2641,3,4,3,10,343,"SLIPPING AWAY, CANNOT LOSE"
"Wesley Corbett",139,5,2636,3,4,3,10,343,"SLIPPING AWAY, CANNOT LOSE"
"Norman Benton",203,3,4613,3,3,4,10,334,"SLIPPING AWAY, CANNOT LOSE"
"Eddie Walker",171,4,3055,3,4,3,10,343,"SLIPPING AWAY, CANNOT LOSE"
"Mitchell Goldberg",118,2,1528,4,3,3,10,433,LOYAL
"Gregory Rao",352,5,4610,2,4,4,10,244,Other
"Dana Boyle",174,4,3055,3,4,3,10,343,"SLIPPING AWAY, CANNOT LOSE"
"Wallace Werner",479,5,4596,2,4,4,10,244,Other
"Derek Tuttle",83,4,308,4,4,2,10,442,Other
"Lindsay York",6,6,539,4,4,2,10,442,Other
"Jessie Kelly",263,4,2601,3,4,3,10,343,"SLIPPING AWAY, CANNOT LOSE"
"Rodney Christian Callahan",124,4,2593,3,4,3,10,343,"SLIPPING AWAY, CANNOT LOSE"
"Miriam Drake",67,4,878,4,4,2,10,442,Other
"Joy Kaplan McNeill",212,4,1569,3,4,3,10,343,"SLIPPING AWAY, CANNOT LOSE"
"Roger Meyer",238,5,2575,3,4,3,10,343,"SLIPPING AWAY, CANNOT LOSE"
"Harriet Hodges",273,4,2570,3,4,3,10,343,"SLIPPING AWAY, CANNOT LOSE"
"Ryan Foster",281,6,1886,3,4,3,10,343,"SLIPPING AWAY, CANNOT LOSE"
"Monica May",87,2,1574,4,3,3,10,433,LOYAL
"Jennifer Grant",99,3,2554,4,3,3,10,433,LOYAL
"Marguerite Rodgers",224,4,3047,3,4,3,10,343,"SLIPPING AWAY, CANNOT LOSE"
"Gregory Holden",148,4,1883,3,4,3,10,343,"SLIPPING AWAY, CANNOT LOSE"
"Jimmy Waters",148,4,1640,3,4,3,10,343,"SLIPPING AWAY, CANNOT LOSE"
"Malcolm Robertson",61,3,2534,4,3,3,10,433,LOYAL
"Kathryn Cho",86,2,3047,4,3,3,10,433,LOYAL
"Gretchen Levine",296,4,3735,2,4,4,10,244,Other
"Benjamin McGee",203,4,2522,3,4,3,10,343,"SLIPPING AWAY, CANNOT LOSE"
"Betsy Gibson",277,7,2517,3,4,3,10,343,"SLIPPING AWAY, CANNOT LOSE"
"Ralph Harding",209,3,5567,3,3,4,10,334,"SLIPPING AWAY, CANNOT LOSE"
"Benjamin Humphrey",95,2,1616,4,3,3,10,433,LOYAL
"Gerald Raynor",2,2,3044,4,3,3,10,433,LOYAL
"Patricia Carver Fink",86,3,1639,4,3,3,10,433,LOYAL
"Harvey Wong Bates",25,2,3042,4,3,3,10,433,LOYAL
"Rick Ellis",143,5,1502,3,4,3,10,343,"SLIPPING AWAY, CANNOT LOSE"
"Joanne Chu",51,3,2494,4,3,3,10,433,LOYAL
"Vincent Swanson",38,3,3029,4,3,3,10,433,LOYAL
"Sidney Bowling",283,4,3009,3,4,3,10,343,"SLIPPING AWAY, CANNOT LOSE"
"Victor Godfrey",52,3,3008,4,3,3,10,433,LOYAL
"Renee McKenzie",239,4,2486,3,4,3,10,343,"SLIPPING AWAY, CANNOT LOSE"
"Jerry Ennis",76,4,397,4,4,2,10,442,Other
"Shawn Beasley",252,3,4538,3,3,4,10,334,"SLIPPING AWAY, CANNOT LOSE"
"Marc Bowles",75,3,1390,4,3,3,10,433,LOYAL
"Jane Shah",58,2,2483,4,3,3,10,433,LOYAL
"William Woodard",254,4,2478,3,4,3,10,343,"SLIPPING AWAY, CANNOT LOSE"
"Rodney Field",353,5,4527,2,4,4,10,244,Other
"Peggy Lanier",482,5,3731,2,4,4,10,244,Other
"Betty Buckley",65,2,1852,4,3,3,10,433,LOYAL
"Tim Moore",292,4,3714,2,4,4,10,244,Other
"Meredith Bland",133,3,4506,3,3,4,10,334,"SLIPPING AWAY, CANNOT LOSE"
"Ross Wang Bates",112,2,1460,4,3,3,10,433,LOYAL
"Donna Braun",141,3,3684,3,3,4,10,334,"SLIPPING AWAY, CANNOT LOSE"
"Alison Starr",89,4,467,4,4,2,10,442,Other
"Keith Pittman",4,3,1694,4,3,3,10,433,LOYAL
"Rodney Proctor",1,3,1599,4,3,3,10,433,LOYAL
"Melanie Ray",206,3,4484,3,3,4,10,334,"SLIPPING AWAY, CANNOT LOSE"
"Tiffany Merrill",150,4,2421,3,4,3,10,343,"SLIPPING AWAY, CANNOT LOSE"
"Clyde Norman",3,4,657,4,4,2,10,442,Other
"Edna Welch",24,2,1824,4,3,3,10,433,LOYAL
"Marc Simon",98,3,2416,4,3,3,10,433,LOYAL
"Katherine Kearney",44,2,2401,4,3,3,10,433,LOYAL
"Maureen Stout",79,4,1132,4,4,2,10,442,Other
"Joanne Davenport",6,1,3407,4,2,4,10,424,Other
"Adam Barton",134,5,2393,3,4,3,10,343,"SLIPPING AWAY, CANNOT LOSE"
"Rebecca Rhodes",112,3,2383,4,3,3,10,433,LOYAL
"Sherri McIntosh",122,6,1117,4,4,2,10,442,Other
"James Fox",90,4,413,4,4,2,10,442,Other
"Lisa Branch",139,6,1498,3,4,3,10,343,"SLIPPING AWAY, CANNOT LOSE"
"Joan Bowers",68,4,639,4,4,2,10,442,Other
"Tony Chandler",4,4,826,4,4,2,10,442,Other
"Lindsay Shepherd",358,4,4295,2,4,4,10,244,Other
"Kathy Turner",121,4,568,4,4,2,10,442,Other
"Patricia Cole Blair",156,3,4274,3,3,4,10,334,"SLIPPING AWAY, CANNOT LOSE"
"Cecil Shields",188,5,3401,3,4,3,10,343,"SLIPPING AWAY, CANNOT LOSE"
"Janice Frye",223,4,3376,3,4,3,10,343,"SLIPPING AWAY, CANNOT LOSE"
"Marion Jordan",125,2,4262,3,3,4,10,334,"SLIPPING AWAY, CANNOT LOSE"
"Kathleen Huang Hall",168,3,4234,3,3,4,10,334,"SLIPPING AWAY, CANNOT LOSE"
"Yvonne Ryan",158,2,4230,3,3,4,10,334,"SLIPPING AWAY, CANNOT LOSE"
"Daniel Christian",154,6,3367,3,4,3,10,343,"SLIPPING AWAY, CANNOT LOSE"
"Victoria Baker Hoover",39,4,813,4,4,2,10,442,Other
"Willie Snyder",394,5,3626,2,4,4,10,244,Other
"Alexandra Lambert",64,1,3623,4,2,4,10,424,Other
"Troy Hendrix",248,3,4187,3,3,4,10,334,"SLIPPING AWAY, CANNOT LOSE"
"Marvin Reid",50,2,2309,4,3,3,10,433,LOYAL
"James Perez",248,5,1814,3,4,3,10,343,"SLIPPING AWAY, CANNOT LOSE"
"Sandra Faulkner",35,3,1267,4,3,3,10,433,LOYAL
"Jimmy Wang",143,4,1430,3,4,3,10,343,"SLIPPING AWAY, CANNOT LOSE"
"Martha Bowers",254,4,2291,3,4,3,10,343,"SLIPPING AWAY, CANNOT LOSE"
"Sam Woodward",63,3,1809,4,3,3,10,433,LOYAL
"Constance Ivey",227,4,1401,3,4,3,10,343,"SLIPPING AWAY, CANNOT LOSE"
"Ron Dillon",31,3,1672,4,3,3,10,433,LOYAL
"Caroline Duffy",65,2,2266,4,3,3,10,433,LOYAL
"Samuel Newman",281,4,1808,3,4,3,10,343,"SLIPPING AWAY, CANNOT LOSE"
"Dawn Larson",264,4,2235,3,4,3,10,343,"SLIPPING AWAY, CANNOT LOSE"
"Robyn Connor",21,2,1800,4,3,3,10,433,LOYAL
"Jane Howell",155,3,3615,3,3,4,10,334,"SLIPPING AWAY, CANNOT LOSE"
"Kathryn Wolfe",130,5,3358,3,4,3,10,343,"SLIPPING AWAY, CANNOT LOSE"
"Phyllis Adcock",98,3,3345,4,3,3,10,433,LOYAL
"Dan Lamm",236,5,2196,3,4,3,10,343,"SLIPPING AWAY, CANNOT LOSE"
"Charlene Grant",233,4,1666,3,4,3,10,343,"SLIPPING AWAY, CANNOT LOSE"
"Elisabeth Massey",123,4,3158,3,4,3,10,343,"SLIPPING AWAY, CANNOT LOSE"
"Florence Wilder",206,5,2189,3,4,3,10,343,"SLIPPING AWAY, CANNOT LOSE"
"Renee McDowell",129,4,1268,3,4,3,10,343,"SLIPPING AWAY, CANNOT LOSE"
"Tamara Cowan",92,4,474,4,4,2,10,442,Other
"Diane Barr",68,6,793,4,4,2,10,442,Other
"Ruby Gibbons",289,3,3578,3,3,4,10,334,"SLIPPING AWAY, CANNOT LOSE"
"Marjorie Owens",277,4,2170,3,4,3,10,343,"SLIPPING AWAY, CANNOT LOSE"
"Charlie Moore",62,4,984,4,4,2,10,442,Other
"Stacey Davenport",111,2,2157,4,3,3,10,433,LOYAL
"Andrew Todd",95,3,1662,4,3,3,10,433,LOYAL
"Penny Rose",15,3,3336,4,3,3,10,433,LOYAL
"Carrie McIntosh",190,4,2134,3,4,3,10,343,"SLIPPING AWAY, CANNOT LOSE"
"Pam Gilbert",19,4,987,4,4,2,10,442,Other
"Catherine Woodard",144,3,4004,3,3,4,10,334,"SLIPPING AWAY, CANNOT LOSE"
"Edna Schroeder",112,4,922,4,4,2,10,442,Other
"Dwight Bishop",199,6,1660,3,4,3,10,343,"SLIPPING AWAY, CANNOT LOSE"
"Ian Chu",11,2,1208,4,3,3,10,433,LOYAL
"Theodore Moran",123,3,2127,4,3,3,10,433,LOYAL
"Francis Kendall",71,3,1491,4,3,3,10,433,LOYAL
"Glenda Simon",151,4,1772,3,4,3,10,343,"SLIPPING AWAY, CANNOT LOSE"
"Kevin Daly",77,3,2119,4,3,3,10,433,LOYAL
"Irene Conway",53,2,3320,4,3,3,10,433,LOYAL
"Susan Barr",12,6,686,4,4,2,10,442,Other
"Luis Lang Rowe",123,3,3960,3,3,4,10,334,"SLIPPING AWAY, CANNOT LOSE"
"Cecil Berger",261,5,1607,3,4,3,10,343,"SLIPPING AWAY, CANNOT LOSE"
"Gerald Petty",157,4,1272,3,4,3,10,343,"SLIPPING AWAY, CANNOT LOSE"
"Cecil Bray Bush",52,5,937,4,4,2,10,442,Other
"Becky O'Brien",163,5,2113,3,4,3,10,343,"SLIPPING AWAY, CANNOT LOSE"
"Dolores Vincent",148,3,3958,3,3,4,10,334,"SLIPPING AWAY, CANNOT LOSE"
"Brenda Ross",134,3,3525,3,3,4,10,334,"SLIPPING AWAY, CANNOT LOSE"
"Terry Langston",149,4,1754,3,4,3,10,343,"SLIPPING AWAY, CANNOT LOSE"
"Glen Robertson",149,4,2085,3,4,3,10,343,"SLIPPING AWAY, CANNOT LOSE"
"Tara Powers Underwood",74,6,762,4,4,2,10,442,Other
"Geoffrey Ayers",54,3,2074,4,3,3,10,433,LOYAL
"Gretchen Ball",20,5,1002,4,4,2,10,442,Other
"Virginia Gill",41,5,1052,4,4,2,10,442,Other
"Ronnie Shaffer",231,4,1380,3,4,3,10,343,"SLIPPING AWAY, CANNOT LOSE"
"Allen Nash",194,4,1652,3,4,3,10,343,"SLIPPING AWAY, CANNOT LOSE"
"Nathan Newton",222,4,1753,3,4,3,10,343,"SLIPPING AWAY, CANNOT LOSE"
"Theodore Goldstein",39,2,2063,4,3,3,10,433,LOYAL
"Becky Page Cline",23,2,1346,4,3,3,10,433,LOYAL
"Courtney Weber",112,3,1288,4,3,3,10,433,LOYAL
"Sue Nichols",120,3,1293,4,3,3,10,433,LOYAL
"Lawrence Norris",2,5,748,4,4,2,10,442,Other
"Calvin Parsons Walter",99,3,2049,4,3,3,10,433,LOYAL
"Katharine Hudson",223,4,1742,3,4,3,10,343,"SLIPPING AWAY, CANNOT LOSE"
"Derek Shah",100,2,2037,4,3,3,10,433,LOYAL
"Peter Hardy",242,6,1440,3,4,3,10,343,"SLIPPING AWAY, CANNOT LOSE"
"Edgar Stone",121,3,2029,4,3,3,10,433,LOYAL
"Faye Joseph",19,3,2025,4,3,3,10,433,LOYAL
"Katherine W Epstein",66,3,2022,4,3,3,10,433,LOYAL
"Judy Kennedy",257,4,1314,3,4,3,10,343,"SLIPPING AWAY, CANNOT LOSE"
"Sharon Kessler",109,3,2018,4,3,3,10,433,LOYAL
"Kay Ivey Orr",108,3,1476,4,3,3,10,433,LOYAL
"Joyce Sumner",237,2,3878,3,3,4,10,334,"SLIPPING AWAY, CANNOT LOSE"
"Juan Gold",113,5,741,4,4,2,10,442,Other
"Justin Frank",109,2,2010,4,3,3,10,433,LOYAL
"Julian Skinner",53,2,2007,4,3,3,10,433,LOYAL
"Sandra Berry",45,4,738,4,4,2,10,442,Other
"Eileen Riddle",270,4,1995,3,4,3,10,343,"SLIPPING AWAY, CANNOT LOSE"
"Malcolm S Lanier",198,3,3870,3,3,4,10,334,"SLIPPING AWAY, CANNOT LOSE"
"Annie Horne",21,3,1992,4,3,3,10,433,LOYAL
"Tracey Garcia",242,5,1985,3,4,3,10,343,"SLIPPING AWAY, CANNOT LOSE"
"Penny Kaufman",203,4,1307,3,4,3,10,343,"SLIPPING AWAY, CANNOT LOSE"
"Sandra Sharma",292,4,5006,2,4,4,10,244,Other
"Wayne Sutherland",207,2,5041,3,3,4,10,334,"SLIPPING AWAY, CANNOT LOSE"
"Robyn Lyon",330,6,5225,2,4,4,10,244,Other
"Jesse Williamson",201,3,5265,3,3,4,10,334,"SLIPPING AWAY, CANNOT LOSE"
"Steve McKee",267,3,5269,3,3,4,10,334,"SLIPPING AWAY, CANNOT LOSE"
"Miriam Greenberg",392,5,5295,2,4,4,10,244,Other
"Terri Hanson",237,2,5299,3,3,4,10,334,"SLIPPING AWAY, CANNOT LOSE"
"Eugene Clayton",314,4,5403,2,4,4,10,244,Other
"Joy Park",226,2,5404,3,3,4,10,334,"SLIPPING AWAY, CANNOT LOSE"
"Andrew Connor",201,2,5530,3,3,4,10,334,"SLIPPING AWAY, CANNOT LOSE"
"Jeanne Nguyen",251,3,5675,3,3,4,10,334,"SLIPPING AWAY, CANNOT LOSE"
"Frances Johnson",214,3,5752,3,3,4,10,334,"SLIPPING AWAY, CANNOT LOSE"
"Miriam Mueller",239,3,5888,3,3,4,10,334,"SLIPPING AWAY, CANNOT LOSE"
"Mary Hewitt",354,5,5932,2,4,4,10,244,Other
"Natalie Raynor",31,1,5973,4,2,4,10,424,Other
"Jackie Capps",386,4,6018,2,4,4,10,244,Other
"Sandra Moran",131,2,6157,3,3,4,10,334,"SLIPPING AWAY, CANNOT LOSE"
"Norman Shields",260,3,6293,3,3,4,10,334,"SLIPPING AWAY, CANNOT LOSE"
"Russell Hsu O'Neill",90,1,6506,4,2,4,10,424,Other
"Carolyn Fisher",480,5,6530,2,4,4,10,244,Other
"Leslie Duffy",299,6,6575,2,4,4,10,244,Other
"Mike T O'Neill",160,3,6639,3,3,4,10,334,"SLIPPING AWAY, CANNOT LOSE"
"Norman Adams",219,3,6684,3,3,4,10,334,"SLIPPING AWAY, CANNOT LOSE"
"Nicole Pope",149,3,6729,3,3,4,10,334,"SLIPPING AWAY, CANNOT LOSE"
"Ellen Beck",280,3,7046,3,3,4,10,334,"SLIPPING AWAY, CANNOT LOSE"
"Louis Wells",153,3,7131,3,3,4,10,334,"SLIPPING AWAY, CANNOT LOSE"
"Marguerite Yu",433,6,7132,2,4,4,10,244,Other
"Lloyd Fuller",220,2,7180,3,3,4,10,334,"SLIPPING AWAY, CANNOT LOSE"
"Mildred Steele",137,3,7330,3,3,4,10,334,"SLIPPING AWAY, CANNOT LOSE"
"Stacy Gould",240,3,7390,3,3,4,10,334,"SLIPPING AWAY, CANNOT LOSE"
"Oscar Ford",330,4,7537,2,4,4,10,244,Other
"Sylvia Kumar",355,5,7647,2,4,4,10,244,Other
"Edna Monroe Talley",337,4,7741,2,4,4,10,244,Other
"Kyle Bloom",200,3,7768,3,3,4,10,334,"SLIPPING AWAY, CANNOT LOSE"
"Joann Mullen",363,4,7999,2,4,4,10,244,Other
"Anthony Greer",352,4,8158,2,4,4,10,244,Other
"Melinda Thornton",241,2,8241,3,3,4,10,334,"SLIPPING AWAY, CANNOT LOSE"
"Teresa Wallace",293,6,8394,2,4,4,10,244,Other
"Phillip Blum",241,3,8489,3,3,4,10,334,"SLIPPING AWAY, CANNOT LOSE"
"Janice Cole",145,3,9014,3,3,4,10,334,"SLIPPING AWAY, CANNOT LOSE"
"Karl Knowles",416,5,9091,2,4,4,10,244,Other
"Valerie Whitfield",116,1,9196,4,2,4,10,424,Other
"Leo Riley",168,3,9425,3,3,4,10,334,"SLIPPING AWAY, CANNOT LOSE"
"Craig Liu",386,5,9425,2,4,4,10,244,Other
"Albert Frost",294,4,9788,2,4,4,10,244,Other
"Laurie Howe",141,3,10033,3,3,4,10,334,"SLIPPING AWAY, CANNOT LOSE"
"Hazel Graham",256,3,10117,3,3,4,10,334,"SLIPPING AWAY, CANNOT LOSE"
"Benjamin Lam",454,5,10529,2,4,4,10,244,Other
"Ashley Reese",574,5,10697,2,4,4,10,244,Other
"Molly Webster",207,3,11204,3,3,4,10,334,"SLIPPING AWAY, CANNOT LOSE"
"Gloria Jacobs",326,4,11374,2,4,4,10,244,Other
"Rhonda Tuttle",235,3,11763,3,3,4,10,334,"SLIPPING AWAY, CANNOT LOSE"
"Ellen Kirkland",359,5,11765,2,4,4,10,244,Other
"Daniel S Glover",76,1,12164,4,2,4,10,424,Other
"Erik Schwarz",19,1,12196,4,2,4,10,424,Other
"Johnny Cline",302,4,12237,2,4,4,10,244,Other
"Steve Martin",278,3,12300,3,3,4,10,334,"SLIPPING AWAY, CANNOT LOSE"
"Walter Young",307,5,12589,2,4,4,10,244,Other
"Tom Hoyle Honeycutt",191,3,12598,3,3,4,10,334,"SLIPPING AWAY, CANNOT LOSE"
"Christopher Bryant",419,5,12742,2,4,4,10,244,Other
"Donald Montgomery",146,3,12934,3,3,4,10,334,"SLIPPING AWAY, CANNOT LOSE"
"Bobby Dorsey",151,3,13284,3,3,4,10,334,"SLIPPING AWAY, CANNOT LOSE"
"Juanita Coley Knox",386,5,13912,2,4,4,10,244,Other
"Emma Sparks",394,4,13984,2,4,4,10,244,Other
"Carla Wilson",164,2,14531,3,3,4,10,334,"SLIPPING AWAY, CANNOT LOSE"
"Eileen Fletcher",146,3,14562,3,3,4,10,334,"SLIPPING AWAY, CANNOT LOSE"
"Don Rogers",336,4,14722,2,4,4,10,244,Other
"Sue Drake",379,5,15759,2,4,4,10,244,Other
"Brian Grady",635,5,18364,2,4,4,10,244,Other
"Jeanne Werner",295,4,21009,2,4,4,10,244,Other
"Milton Bland",217,2,21761,3,3,4,10,334,"SLIPPING AWAY, CANNOT LOSE"
"Pam Patton",324,13,23083,2,4,4,10,244,Other
"Michael Wiggins",292,8,25199,2,4,4,10,244,Other
"Caroline Johnston",320,7,27056,2,4,4,10,244,Other
"Hazel Jennings",338,6,42812,2,4,4,10,244,Other
"Kim Weiss",386,6,53392,2,4,4,10,244,Other
"Neal Wolfe",316,10,69118,2,4,4,10,244,Other
"Tonya Miller",147,3,3258,3,3,3,9,333,ACTIVE
"Dana Heller",180,2,2897,3,3,3,9,333,ACTIVE
"Herbert Williamson",205,4,372,3,4,2,9,342,Other
"Holly Love Butler",201,3,3237,3,3,3,9,333,ACTIVE
"Harvey McDonald",290,4,2074,2,4,3,9,243,Other
"Thelma Abrams",36,2,517,4,3,2,9,432,ACTIVE
"Debra P May",246,4,863,3,4,2,9,342,Other
"Leslie Hawley",265,3,1348,3,3,3,9,333,ACTIVE
"Francis Goldberg",144,3,2859,3,3,3,9,333,ACTIVE
"Gail Ellis",39,2,864,4,3,2,9,432,ACTIVE
"Jon Beasley",85,2,1067,4,3,2,9,432,ACTIVE
"Tim T Cobb",121,2,865,4,3,2,9,432,ACTIVE
"Terri Morton",121,1,1538,4,2,3,9,423,Other
"Colleen Fletcher",232,3,2834,3,3,3,9,333,ACTIVE
"Neal Helms",321,5,2810,2,4,3,9,243,Other
"Patrick Rhodes",74,3,1039,4,3,2,9,432,ACTIVE
"Claire Barton",65,2,386,4,3,2,9,432,ACTIVE
"Wallace Warner",9,3,553,4,3,2,9,432,ACTIVE
"Marguerite Kane",20,3,872,4,3,2,9,432,ACTIVE
"Terri McCarthy Manning",73,3,388,4,3,2,9,432,ACTIVE
"Rodney Kearney",294,5,2688,2,4,3,9,243,Other
"Paul Cooper",267,5,1076,3,4,2,9,342,Other
"Kelly O'Connor",371,4,2678,2,4,3,9,243,Other
"Lois Barnett",120,1,2677,4,2,3,9,423,Other
"Sean Stephenson",183,3,2655,3,3,3,9,333,ACTIVE
"Glenda Holder",21,3,875,4,3,2,9,432,ACTIVE
"Lester Sawyer",244,3,3063,3,3,3,9,333,ACTIVE
"Gene Diaz",207,3,2643,3,3,3,9,333,ACTIVE
"Randall Bynum",227,3,2614,3,3,3,9,333,ACTIVE
"Emma Bloom",144,2,1520,3,3,3,9,333,ACTIVE
"Joel Burnette",246,3,1193,3,3,3,9,333,ACTIVE
"Alvin B Winstead",180,2,2598,3,3,3,9,333,ACTIVE
"Betty Barbour",329,3,5604,2,3,4,9,234,Other
"Jim Mathews",247,2,2593,3,3,3,9,333,ACTIVE
"Frances Epstein",182,2,1512,3,3,3,9,333,ACTIVE
"Joan Floyd",552,5,2558,2,4,3,9,243,Other
"Julie Willis",178,2,2556,3,3,3,9,333,ACTIVE
"Jim Hinson",123,3,3047,3,3,3,9,333,ACTIVE
"Jean Khan",332,6,2547,2,4,3,9,243,Other
"Constance Britt",233,4,606,3,4,2,9,342,Other
"Alex Watkins",58,3,883,4,3,2,9,432,ACTIVE
"Nicholas Wallace",590,4,5731,2,3,4,9,234,Other
"Maria B Hanna",242,3,1404,3,3,3,9,333,ACTIVE
"Willie Boone",345,4,2498,2,4,3,9,243,Other
"Herbert Reddy",200,3,2487,3,3,3,9,333,ACTIVE
"Danielle Schneider",163,3,2486,3,3,3,9,333,ACTIVE
"Mike Wilder",64,3,894,4,3,2,9,432,ACTIVE
"Allison Peacock",0,2,401,4,3,2,9,432,ACTIVE
"Hilda Porter",632,3,5820,2,3,4,9,234,Other
"Ellen McCormick",294,3,5826,2,3,4,9,234,Other
"Carlos Adkins",522,3,5834,2,3,4,9,234,Other
"Vickie Gonzalez",362,4,2472,2,4,3,9,243,Other
"Ricky Garner",220,3,2470,3,3,3,9,333,ACTIVE
"Eugene Chandler",135,4,1131,3,4,2,9,342,Other
"Connie Bunn",556,5,2464,2,4,3,9,243,Other
"Bernice F Day",149,5,845,3,4,2,9,342,Other
"Dennis Thornton",285,4,520,3,4,2,9,342,Other
"Tom Cox",41,1,2444,4,2,3,9,423,Other
"Erica Bynum",129,3,2433,3,3,3,9,333,ACTIVE
"Gail Welch",114,3,899,4,3,2,9,432,ACTIVE
"Harriet Bowman",264,4,1084,3,4,2,9,342,Other
"Stephanie Pruitt",648,4,6134,2,3,4,9,234,Other
"Diana Xu",332,4,2425,2,4,3,9,243,Other
"Ruby Tate",61,2,1118,4,3,2,9,432,ACTIVE
"Billie Hensley",219,4,601,3,4,2,9,342,Other
"Edna Thomas",352,4,2425,2,4,3,9,243,Other
"Jamie Ward",290,4,2417,2,4,3,9,243,Other
"Eva Silverman",784,5,6247,1,4,4,9,144,"SLIPPING AWAY, CANNOT LOSE"
"Brenda Cowan",214,4,904,3,4,2,9,342,Other
"Joshua Keller",91,2,839,4,3,2,9,432,ACTIVE
"Rose Lassiter",272,3,1260,3,3,3,9,333,ACTIVE
"Vanessa Casey Jones",49,2,522,4,3,2,9,432,ACTIVE
"Edith McDaniel",121,2,523,4,3,2,9,432,ACTIVE
"Louise Powell Dillon",51,1,2359,4,2,3,9,423,Other
"Joyce Kern",181,3,1260,3,3,3,9,333,ACTIVE
"Clara Kaplan",255,3,2347,3,3,3,9,333,ACTIVE
"Dean Rosenberg",276,2,6503,3,2,4,9,324,Other
"Penny Rich",235,3,2345,3,3,3,9,333,ACTIVE
"James Levine",66,2,523,4,3,2,9,432,ACTIVE
"Raymond Clark",165,2,2344,3,3,3,9,333,ACTIVE
"Glenn Morgan",1,3,817,4,3,2,9,432,ACTIVE
"Dan Carver",8,1,2324,4,2,3,9,423,Other
"Donna Craven",601,5,2322,2,4,3,9,243,Other
"Joyce Murray",224,6,812,3,4,2,9,342,Other
"Billy Odom",125,4,911,3,4,2,9,342,Other
"Lisa Kim",233,3,2311,3,3,3,9,333,ACTIVE
"Norman Burnette",138,3,2309,3,3,3,9,333,ACTIVE
"Priscilla Allred",220,3,2298,3,3,3,9,333,ACTIVE
"Glen Green",109,1,2296,4,2,3,9,423,Other
"Ann Allen",169,3,2287,3,3,3,9,333,ACTIVE
"Marvin Hawley",265,3,2277,3,3,3,9,333,ACTIVE
"Dan Hoover",277,4,809,3,4,2,9,342,Other
"Arlene Rouse",202,2,2242,3,3,3,9,333,ACTIVE
"Paula Hubbard",88,3,1114,4,3,2,9,432,ACTIVE
"Danny Schaefer",266,4,912,3,4,2,9,342,Other
"Glenda Rosen",62,3,808,4,3,2,9,432,ACTIVE
"Peter Adams",132,2,2216,3,3,3,9,333,ACTIVE
"Harold Shapiro",99,3,796,4,3,2,9,432,ACTIVE
"Pam Riley",19,1,2204,4,2,3,9,423,Other
"Brenda May",125,3,2202,3,3,3,9,333,ACTIVE
"Margaret Rogers",295,3,7030,2,3,4,9,234,Other
"Rhonda Ivey",120,3,524,4,3,2,9,432,ACTIVE
"Marian Godwin",134,3,2194,3,3,3,9,333,ACTIVE
"Evelyn Garcia",223,3,2193,3,3,3,9,333,ACTIVE
"Robin Kramer Vaughn",298,4,2188,2,4,3,9,243,Other
"Gregory R Snow",225,3,2173,3,3,3,9,333,ACTIVE
"Rachel Casey",278,4,595,3,4,2,9,342,Other
"Jean Weiss Diaz",173,4,915,3,4,2,9,342,Other
"Nancy Bennett",154,4,426,3,4,2,9,342,Other
"Becky Farmer",149,4,593,3,4,2,9,342,Other
"Connie W Sutton",221,2,2145,3,3,3,9,333,ACTIVE
"Robert Rollins",490,3,7202,2,3,4,9,234,Other
"Joyce Foster",86,2,592,4,3,2,9,432,ACTIVE
"Marion Wilcox",180,2,2144,3,3,3,9,333,ACTIVE
"Sheryl Allred",127,2,2138,3,3,3,9,333,ACTIVE
"Irene Li",222,5,918,3,4,2,9,342,Other
"Jeff Lassiter",62,1,1369,4,2,3,9,423,Other
"Marsha Roy",347,4,1249,2,4,3,9,243,Other
"Philip Olsen",158,1,7499,3,2,4,9,324,Other
"Melinda Rogers",156,4,921,3,4,2,9,342,Other
"Jordan Marsh",87,3,430,4,3,2,9,432,ACTIVE
"Wallace D McNeill",11,1,2129,4,2,3,9,423,Other
"Ricky C Sumner",260,3,2124,3,3,3,9,333,ACTIVE
"Gwendolyn F Tyson",233,2,1244,3,3,3,9,333,ACTIVE
"Molly Walton Forrest",246,4,933,3,4,2,9,342,Other
"Lynn Morrow",127,3,2118,3,3,3,9,333,ACTIVE
"Lindsay McGuire",131,3,2116,3,3,3,9,333,ACTIVE
"Max Hubbard",536,4,7671,2,3,4,9,234,Other
"Robert Sloan",211,5,775,3,4,2,9,342,Other
"Sharon Hopkins",72,1,1491,4,2,3,9,423,Other
"Carol Sherrill",180,4,1051,3,4,2,9,342,Other
"Marvin Yang",247,3,2109,3,3,3,9,333,ACTIVE
"Jordan Wilkinson",416,4,7937,2,3,4,9,234,Other
"Kevin Wolfe",201,4,768,3,4,2,9,342,Other
"Janet Carroll",364,5,1190,2,4,3,9,243,Other
"Stephanie Hawkins",235,4,941,3,4,2,9,342,Other
"Ann Pearson",225,3,2099,3,3,3,9,333,ACTIVE
"Frances Powers",202,4,524,3,4,2,9,342,Other
"Hazel Lindsay",347,3,8133,2,3,4,9,234,Other
"Neil Jacobson",287,3,2092,3,3,3,9,333,ACTIVE
"Emily Sims",239,3,2073,3,3,3,9,333,ACTIVE
"Bernard Strauss",201,4,1072,3,4,2,9,342,Other
"Fred Barber",155,2,1480,3,3,3,9,333,ACTIVE
"Marvin Reeves McMillan",194,5,761,3,4,2,9,342,Other
"Seth Rosenberg",12,1,2058,4,2,3,9,423,Other
"Melvin Willis",246,2,1480,3,3,3,9,333,ACTIVE
"Kimberly McCarthy",56,3,436,4,3,2,9,432,ACTIVE
"Matthew Kearney",144,2,1477,3,3,3,9,333,ACTIVE
"Glenn Jain",7,3,746,4,3,2,9,432,ACTIVE
"Robert Brantley",156,3,2033,3,3,3,9,333,ACTIVE
"Virginia Hardison",182,2,2021,3,3,3,9,333,ACTIVE
"Erika Clapp",222,3,2006,3,3,3,9,333,ACTIVE
"Steve Raynor",377,3,8572,2,3,4,9,234,Other
"Bob Jiang",16,4,118,4,4,1,9,441,Other
"Helen Ferguson",168,4,576,3,4,2,9,342,Other
"Shawn Combs",182,5,731,3,4,2,9,342,Other
"Jason Bell",124,3,1298,3,3,3,9,333,ACTIVE
"Sheryl Law",77,2,959,4,3,2,9,432,ACTIVE
"Pam Francis",258,5,456,3,4,2,9,342,Other
"Allan Dickinson",33,3,457,4,3,2,9,432,ACTIVE
"Jim Roberson",318,3,8954,2,3,4,9,234,Other
"Alexandra Fuller",35,2,458,4,3,2,9,432,ACTIVE
"Dennis Block Richardson",380,3,8955,2,3,4,9,234,Other
"Sidney Brewer",263,3,1932,3,3,3,9,333,ACTIVE
"Dwight Hendricks",99,3,1054,4,3,2,9,432,ACTIVE
"Herbert Beard",248,2,1924,3,3,3,9,333,ACTIVE
"Maureen Bradley",70,1,1924,4,2,3,9,423,Other
"Wayne English",181,3,1299,3,3,3,9,333,ACTIVE
"Marc McDaniel",401,3,9155,2,3,4,9,234,Other
"Gail Currin",190,3,1471,3,3,3,9,333,ACTIVE
"Peggy Chan",57,3,1177,4,3,2,9,432,ACTIVE
"Sean Burton",74,3,1099,4,3,2,9,432,ACTIVE
"Jimmy Strauss",217,2,1903,3,3,3,9,333,ACTIVE
"Lloyd Cannon",102,2,721,4,3,2,9,432,ACTIVE
"Emma Mitchell",53,1,1894,4,2,3,9,423,Other
"Larry Langston",16,3,720,4,3,2,9,432,ACTIVE
"Vanessa Day",25,3,575,4,3,2,9,432,ACTIVE
"Kristen Callahan",242,3,1886,3,3,3,9,333,ACTIVE
"Glenn Jones",60,1,1866,4,2,3,9,423,Other
"Dan McGee",207,2,1464,3,3,3,9,333,ACTIVE
"Norma Kendall",455,4,9589,2,3,4,9,234,Other
"Kevin Rouse",122,2,544,4,3,2,9,432,ACTIVE
"Kara Tyler",104,1,1860,4,2,3,9,423,Other
"Allan Shields",182,5,961,3,4,2,9,342,Other
"Arlene Gibbons",463,5,1856,2,4,3,9,243,Other
"Helen H Heller",140,4,717,3,4,2,9,342,Other
"Leon Doyle",103,3,466,4,3,2,9,432,ACTIVE
"Meredith Humphrey",393,4,1305,2,4,3,9,243,Other
"Scott McKenna",615,3,10235,2,3,4,9,234,Other
"Aaron Day",130,2,1833,3,3,3,9,333,ACTIVE
"Nancy Combs",184,3,1828,3,3,3,9,333,ACTIVE
"Gregory Barefoot",113,1,1459,4,2,3,9,423,Other
"Jessie Pugh",197,2,1824,3,3,3,9,333,ACTIVE
"Christian Albright",124,5,1134,3,4,2,9,342,Other
"Arlene Weber",188,5,1058,3,4,2,9,342,Other
"Christian Branch",94,3,1176,4,3,2,9,432,ACTIVE
"Natalie Watts",186,3,1820,3,3,3,9,333,ACTIVE
"Elisabeth Shaw",326,5,1452,2,4,3,9,243,Other
"Bernard Herman",68,4,168,4,4,1,9,441,Other
"Nathan Wyatt",140,6,979,3,4,2,9,342,Other
"Cathy Burgess",259,6,1064,3,4,2,9,342,Other
"Bonnie G Keith",100,3,567,4,3,2,9,432,ACTIVE
"Kent Hoover",10,1,1306,4,2,3,9,423,Other
"Francis Edwards",240,4,983,3,4,2,9,342,Other
"Gina McKnight",451,3,11507,2,3,4,9,234,Other
"Anthony Foley",345,5,1306,2,4,3,9,243,Other
"Annie McLaughlin",340,4,1790,2,4,3,9,243,Other
"Thomas Evans",28,3,530,4,3,2,9,432,ACTIVE
"Kristin Snyder",265,4,689,3,4,2,9,342,Other
"Ross O'Donnell",218,4,987,3,4,2,9,342,Other
"Molly Branch",124,2,1773,3,3,3,9,333,ACTIVE
"Carlos Hanson",754,5,11979,1,4,4,9,144,"SLIPPING AWAY, CANNOT LOSE"
"Ernest Barber",46,3,1171,4,3,2,9,432,ACTIVE
"Ian Hall",77,3,1138,4,3,2,9,432,ACTIVE
"Jenny Hawkins",206,4,476,3,4,2,9,342,Other
"Donna Hawkins",104,3,991,4,3,2,9,432,ACTIVE
"Vickie Morse",267,3,1381,3,3,3,9,333,ACTIVE
"Florence Walters",60,4,214,4,4,1,9,441,Other
"Ricky Johnston",74,2,679,4,3,2,9,432,ACTIVE
"Elsie Floyd",126,2,1308,3,3,3,9,333,ACTIVE
"Danielle P Rao",43,2,481,4,3,2,9,432,ACTIVE
"Marlene Kirk",17,3,530,4,3,2,9,432,ACTIVE
"Marianne Weiner Ennis",259,6,672,3,4,2,9,342,Other
"Anthony Han",352,5,1715,2,4,3,9,243,Other
"Eleanor Barbour",66,2,1140,4,3,2,9,432,ACTIVE
"Tony Woods",184,2,1221,3,3,3,9,333,ACTIVE
"Bob Harrington",113,3,663,4,3,2,9,432,ACTIVE
"Johnny Reid",279,5,1093,3,4,2,9,342,Other
"Nathan Jenkins",129,3,1704,3,3,3,9,333,ACTIVE
